#,firstName,lastName,email,role,password
1,Ruslan1,Bilmakovskiy1,ruslanbilmakovskiy@appcreative.net1,APP_USER,12345678
2,Ruslan2,Bilmakovskiy2,ruslanbilmakovskiy@appcreative.net2,APP_USER,12345679
3,Ruslan3,Bilmakovskiy3,ruslanbilmakovskiy@appcreative.net3,SUPER_ADMIN,12345680
4,Ruslan4,Bilmakovskiy4,ruslanbilmakovskiy@appcreative.net4,SUPER_ADMIN,12345681
5,Ruslan5,Bilmakovskiy5,ruslanbilmakovskiy@appcreative.net5,SUPER_ADMIN,12345682
6,Ruslan6,Bilmakovskiy6,ruslanbilmakovskiy@appcreative.net6,SUPER_ADMIN,12345683
7,Ruslan7,Bilmakovskiy7,ruslanbilmakovskiy@appcreative.net7,APP_USER,12345684
8,Ruslan8,Bilmakovskiy8,ruslanbilmakovskiy@appcreative.net8,APP_USER,12345685
9,Ruslan9,Bilmakovskiy9,ruslanbilmakovskiy@appcreative.net9,APP_USER,12345686
10,Ruslan10,Bilmakovskiy10,ruslanbilmakovskiy@appcreative.net10,APP_USER,12345687
11,Ruslan11,Bilmakovskiy11,ruslanbilmakovskiy@appcreative.net11,APP_USER,12345688
12,Ruslan12,Bilmakovskiy12,ruslanbilmakovskiy@appcreative.net12,APP_USER,12345689
13,Ruslan13,Bilmakovskiy13,ruslanbilmakovskiy@appcreative.net13,APP_USER,12345690
14,Ruslan14,Bilmakovskiy14,ruslanbilmakovskiy@appcreative.net14,APP_USER,12345691
15,Ruslan15,Bilmakovskiy15,ruslanbilmakovskiy@appcreative.net15,SUPER_ADMIN,12345692
16,Ruslan16,Bilmakovskiy16,ruslanbilmakovskiy@appcreative.net16,SUPER_ADMIN,12345693
17,Ruslan17,Bilmakovskiy17,ruslanbilmakovskiy@appcreative.net17,SUPER_ADMIN,12345694
18,Ruslan18,Bilmakovskiy18,ruslanbilmakovskiy@appcreative.net18,SUPER_ADMIN,12345695
19,Ruslan19,Bilmakovskiy19,ruslanbilmakovskiy@appcreative.net19,APP_USER,12345696
20,Ruslan20,Bilmakovskiy20,ruslanbilmakovskiy@appcreative.net20,APP_USER,12345697
21,Ruslan21,Bilmakovskiy21,ruslanbilmakovskiy@appcreative.net21,APP_USER,12345698
22,Ruslan22,Bilmakovskiy22,ruslanbilmakovskiy@appcreative.net22,APP_USER,12345699
23,Ruslan23,Bilmakovskiy23,ruslanbilmakovskiy@appcreative.net23,APP_USER,12345700
24,Ruslan24,Bilmakovskiy24,ruslanbilmakovskiy@appcreative.net24,APP_USER,12345701
25,Ruslan25,Bilmakovskiy25,ruslanbilmakovskiy@appcreative.net25,APP_USER,12345702
26,Ruslan26,Bilmakovskiy26,ruslanbilmakovskiy@appcreative.net26,APP_USER,12345703
27,Ruslan27,Bilmakovskiy27,ruslanbilmakovskiy@appcreative.net27,SUPER_ADMIN,12345704
28,Ruslan28,Bilmakovskiy28,ruslanbilmakovskiy@appcreative.net28,SUPER_ADMIN,12345705
29,Ruslan29,Bilmakovskiy29,ruslanbilmakovskiy@appcreative.net29,SUPER_ADMIN,12345706
30,Ruslan30,Bilmakovskiy30,ruslanbilmakovskiy@appcreative.net30,SUPER_ADMIN,12345707
31,Ruslan31,Bilmakovskiy31,ruslanbilmakovskiy@appcreative.net31,APP_USER,12345708
32,Ruslan32,Bilmakovskiy32,ruslanbilmakovskiy@appcreative.net32,APP_USER,12345709
33,Ruslan33,Bilmakovskiy33,ruslanbilmakovskiy@appcreative.net33,APP_USER,12345710
34,Ruslan34,Bilmakovskiy34,ruslanbilmakovskiy@appcreative.net34,APP_USER,12345711
35,Ruslan35,Bilmakovskiy35,ruslanbilmakovskiy@appcreative.net35,APP_USER,12345712
36,Ruslan36,Bilmakovskiy36,ruslanbilmakovskiy@appcreative.net36,APP_USER,12345713
37,Ruslan37,Bilmakovskiy37,ruslanbilmakovskiy@appcreative.net37,APP_USER,12345714
38,Ruslan38,Bilmakovskiy38,ruslanbilmakovskiy@appcreative.net38,APP_USER,12345715
39,Ruslan39,Bilmakovskiy39,ruslanbilmakovskiy@appcreative.net39,SUPER_ADMIN,12345716
40,Ruslan40,Bilmakovskiy40,ruslanbilmakovskiy@appcreative.net40,SUPER_ADMIN,12345717
41,Ruslan41,Bilmakovskiy41,ruslanbilmakovskiy@appcreative.net41,SUPER_ADMIN,12345718
42,Ruslan42,Bilmakovskiy42,ruslanbilmakovskiy@appcreative.net42,SUPER_ADMIN,12345719
43,Ruslan43,Bilmakovskiy43,ruslanbilmakovskiy@appcreative.net43,APP_USER,12345720
44,Ruslan44,Bilmakovskiy44,ruslanbilmakovskiy@appcreative.net44,APP_USER,12345721
45,Ruslan45,Bilmakovskiy45,ruslanbilmakovskiy@appcreative.net45,APP_USER,12345722
46,Ruslan46,Bilmakovskiy46,ruslanbilmakovskiy@appcreative.net46,APP_USER,12345723
47,Ruslan47,Bilmakovskiy47,ruslanbilmakovskiy@appcreative.net47,APP_USER,12345724
48,Ruslan48,Bilmakovskiy48,ruslanbilmakovskiy@appcreative.net48,APP_USER,12345725
49,Ruslan49,Bilmakovskiy49,ruslanbilmakovskiy@appcreative.net49,APP_USER,12345726
50,Ruslan50,Bilmakovskiy50,ruslanbilmakovskiy@appcreative.net50,APP_USER,12345727
51,Ruslan51,Bilmakovskiy51,ruslanbilmakovskiy@appcreative.net51,SUPER_ADMIN,12345728
52,Ruslan52,Bilmakovskiy52,ruslanbilmakovskiy@appcreative.net52,SUPER_ADMIN,12345729
53,Ruslan53,Bilmakovskiy53,ruslanbilmakovskiy@appcreative.net53,SUPER_ADMIN,12345730
54,Ruslan54,Bilmakovskiy54,ruslanbilmakovskiy@appcreative.net54,SUPER_ADMIN,12345731
55,Ruslan55,Bilmakovskiy55,ruslanbilmakovskiy@appcreative.net55,APP_USER,12345732
56,Ruslan56,Bilmakovskiy56,ruslanbilmakovskiy@appcreative.net56,APP_USER,12345733
57,Ruslan57,Bilmakovskiy57,ruslanbilmakovskiy@appcreative.net57,APP_USER,12345734
58,Ruslan58,Bilmakovskiy58,ruslanbilmakovskiy@appcreative.net58,APP_USER,12345735
59,Ruslan59,Bilmakovskiy59,ruslanbilmakovskiy@appcreative.net59,APP_USER,12345736
60,Ruslan60,Bilmakovskiy60,ruslanbilmakovskiy@appcreative.net60,APP_USER,12345737
61,Ruslan61,Bilmakovskiy61,ruslanbilmakovskiy@appcreative.net61,APP_USER,12345738
62,Ruslan62,Bilmakovskiy62,ruslanbilmakovskiy@appcreative.net62,APP_USER,12345739
63,Ruslan63,Bilmakovskiy63,ruslanbilmakovskiy@appcreative.net63,SUPER_ADMIN,12345740
64,Ruslan64,Bilmakovskiy64,ruslanbilmakovskiy@appcreative.net64,SUPER_ADMIN,12345741
65,Ruslan65,Bilmakovskiy65,ruslanbilmakovskiy@appcreative.net65,SUPER_ADMIN,12345742
66,Ruslan66,Bilmakovskiy66,ruslanbilmakovskiy@appcreative.net66,SUPER_ADMIN,12345743
67,Ruslan67,Bilmakovskiy67,ruslanbilmakovskiy@appcreative.net67,APP_USER,12345744
68,Ruslan68,Bilmakovskiy68,ruslanbilmakovskiy@appcreative.net68,APP_USER,12345745
69,Ruslan69,Bilmakovskiy69,ruslanbilmakovskiy@appcreative.net69,APP_USER,12345746
70,Ruslan70,Bilmakovskiy70,ruslanbilmakovskiy@appcreative.net70,APP_USER,12345747
71,Ruslan71,Bilmakovskiy71,ruslanbilmakovskiy@appcreative.net71,APP_USER,12345748
72,Ruslan72,Bilmakovskiy72,ruslanbilmakovskiy@appcreative.net72,APP_USER,12345749
73,Ruslan73,Bilmakovskiy73,ruslanbilmakovskiy@appcreative.net73,APP_USER,12345750
74,Ruslan74,Bilmakovskiy74,ruslanbilmakovskiy@appcreative.net74,APP_USER,12345751
75,Ruslan75,Bilmakovskiy75,ruslanbilmakovskiy@appcreative.net75,SUPER_ADMIN,12345752
76,Ruslan76,Bilmakovskiy76,ruslanbilmakovskiy@appcreative.net76,SUPER_ADMIN,12345753
77,Ruslan77,Bilmakovskiy77,ruslanbilmakovskiy@appcreative.net77,SUPER_ADMIN,12345754
78,Ruslan78,Bilmakovskiy78,ruslanbilmakovskiy@appcreative.net78,SUPER_ADMIN,12345755
79,Ruslan79,Bilmakovskiy79,ruslanbilmakovskiy@appcreative.net79,APP_USER,12345756
80,Ruslan80,Bilmakovskiy80,ruslanbilmakovskiy@appcreative.net80,APP_USER,12345757
81,Ruslan81,Bilmakovskiy81,ruslanbilmakovskiy@appcreative.net81,APP_USER,12345758
82,Ruslan82,Bilmakovskiy82,ruslanbilmakovskiy@appcreative.net82,APP_USER,12345759
83,Ruslan83,Bilmakovskiy83,ruslanbilmakovskiy@appcreative.net83,APP_USER,12345760
84,Ruslan84,Bilmakovskiy84,ruslanbilmakovskiy@appcreative.net84,APP_USER,12345761
85,Ruslan85,Bilmakovskiy85,ruslanbilmakovskiy@appcreative.net85,APP_USER,12345762
86,Ruslan86,Bilmakovskiy86,ruslanbilmakovskiy@appcreative.net86,APP_USER,12345763
87,Ruslan87,Bilmakovskiy87,ruslanbilmakovskiy@appcreative.net87,SUPER_ADMIN,12345764
88,Ruslan88,Bilmakovskiy88,ruslanbilmakovskiy@appcreative.net88,SUPER_ADMIN,12345765
89,Ruslan89,Bilmakovskiy89,ruslanbilmakovskiy@appcreative.net89,SUPER_ADMIN,12345766
90,Ruslan90,Bilmakovskiy90,ruslanbilmakovskiy@appcreative.net90,SUPER_ADMIN,12345767
91,Ruslan91,Bilmakovskiy91,ruslanbilmakovskiy@appcreative.net91,APP_USER,12345768
92,Ruslan92,Bilmakovskiy92,ruslanbilmakovskiy@appcreative.net92,APP_USER,12345769
93,Ruslan93,Bilmakovskiy93,ruslanbilmakovskiy@appcreative.net93,APP_USER,12345770
94,Ruslan94,Bilmakovskiy94,ruslanbilmakovskiy@appcreative.net94,APP_USER,12345771
95,Ruslan95,Bilmakovskiy95,ruslanbilmakovskiy@appcreative.net95,APP_USER,12345772
96,Ruslan96,Bilmakovskiy96,ruslanbilmakovskiy@appcreative.net96,APP_USER,12345773
97,Ruslan97,Bilmakovskiy97,ruslanbilmakovskiy@appcreative.net97,APP_USER,12345774
98,Ruslan98,Bilmakovskiy98,ruslanbilmakovskiy@appcreative.net98,APP_USER,12345775
99,Ruslan99,Bilmakovskiy99,ruslanbilmakovskiy@appcreative.net99,SUPER_ADMIN,12345776
100,Ruslan100,Bilmakovskiy100,ruslanbilmakovskiy@appcreative.net100,SUPER_ADMIN,12345777
101,Ruslan101,Bilmakovskiy101,ruslanbilmakovskiy@appcreative.net101,SUPER_ADMIN,12345778
102,Ruslan102,Bilmakovskiy102,ruslanbilmakovskiy@appcreative.net102,SUPER_ADMIN,12345779
103,Ruslan103,Bilmakovskiy103,ruslanbilmakovskiy@appcreative.net103,APP_USER,12345780
104,Ruslan104,Bilmakovskiy104,ruslanbilmakovskiy@appcreative.net104,APP_USER,12345781
105,Ruslan105,Bilmakovskiy105,ruslanbilmakovskiy@appcreative.net105,APP_USER,12345782
106,Ruslan106,Bilmakovskiy106,ruslanbilmakovskiy@appcreative.net106,APP_USER,12345783
107,Ruslan107,Bilmakovskiy107,ruslanbilmakovskiy@appcreative.net107,APP_USER,12345784
108,Ruslan108,Bilmakovskiy108,ruslanbilmakovskiy@appcreative.net108,APP_USER,12345785
109,Ruslan109,Bilmakovskiy109,ruslanbilmakovskiy@appcreative.net109,APP_USER,12345786
110,Ruslan110,Bilmakovskiy110,ruslanbilmakovskiy@appcreative.net110,APP_USER,12345787
111,Ruslan111,Bilmakovskiy111,ruslanbilmakovskiy@appcreative.net111,SUPER_ADMIN,12345788
112,Ruslan112,Bilmakovskiy112,ruslanbilmakovskiy@appcreative.net112,SUPER_ADMIN,12345789
113,Ruslan113,Bilmakovskiy113,ruslanbilmakovskiy@appcreative.net113,SUPER_ADMIN,12345790
114,Ruslan114,Bilmakovskiy114,ruslanbilmakovskiy@appcreative.net114,SUPER_ADMIN,12345791
115,Ruslan115,Bilmakovskiy115,ruslanbilmakovskiy@appcreative.net115,APP_USER,12345792
116,Ruslan116,Bilmakovskiy116,ruslanbilmakovskiy@appcreative.net116,APP_USER,12345793
117,Ruslan117,Bilmakovskiy117,ruslanbilmakovskiy@appcreative.net117,APP_USER,12345794
118,Ruslan118,Bilmakovskiy118,ruslanbilmakovskiy@appcreative.net118,APP_USER,12345795
119,Ruslan119,Bilmakovskiy119,ruslanbilmakovskiy@appcreative.net119,APP_USER,12345796
120,Ruslan120,Bilmakovskiy120,ruslanbilmakovskiy@appcreative.net120,APP_USER,12345797
